month,day,year,hour,minute,second,lotus date,obs flow,avg DWF,gwi adjustment,adjusted DWF,gwi flow,BWF,iandi
3,3,2008,0,0,0,39510.00,0.997,1.3839,-0.288,1.0959,0.9399,0.1561,-0.0989
3,3,2008,0,15,0,39510.01,0.978,1.3608,-0.2832,1.0777,0.9386,0.139,-0.0997
3,3,2008,0,30,0,39510.02,0.933,1.3314,-0.2783,1.053,0.9374,0.1156,-0.12
3,3,2008,0,45,0,39510.03,0.938,1.3023,-0.2735,1.0288,0.9362,0.0926,-0.0908
3,3,2008,1,0,0,39510.04,0.941,1.2575,-0.2687,0.9888,0.9349,0.0538,-0.0478
3,3,2008,1,15,0,39510.05,0.882,1.2289,-0.2638,0.965,0.9337,0.0313,-0.083
3,3,2008,1,30,0,39510.06,0.797,1.2175,-0.259,0.9585,0.9325,0.0261,-0.1615
3,3,2008,1,45,0,39510.07,0.714,1.2031,-0.2542,0.9489,0.9312,0.0177,-0.2349
3,3,2008,2,0,0,39510.08,0.785,1.1831,-0.2493,0.9338,0.93,0.0038,-0.1488
3,3,2008,2,15,0,39510.09,0.717,1.1776,-0.2445,0.9331,0.9288,0.0043,-0.2161
3,3,2008,2,30,0,39510.10,0.783,1.156,-0.2397,0.9163,0.9275,-0.0112,-0.1333
3,3,2008,2,45,0,39510.11,0.801,1.1558,-0.2348,0.921,0.9263,-0.0053,-0.12
3,3,2008,3,0,0,39510.13,0.811,1.1572,-0.23,0.9272,0.9251,0.0022,-0.1162
3,3,2008,3,15,0,39510.14,0.778,1.1323,-0.2252,0.9071,0.9238,-0.0167,-0.1291
3,3,2008,3,30,0,39510.15,0.713,1.1194,-0.2203,0.8991,0.9226,-0.0235,-0.1861
3,3,2008,3,45,0,39510.16,0.774,1.1204,-0.2155,0.9049,0.9214,-0.0165,-0.1309
3,3,2008,4,0,0,39510.17,0.72,1.1396,-0.2107,0.929,0.9201,0.0088,-0.209
3,3,2008,4,15,0,39510.18,0.803,1.1464,-0.2058,0.9405,0.9189,0.0216,-0.1375
3,3,2008,4,30,0,39510.19,0.737,1.1187,-0.201,0.9177,0.9177,0,-0.1807
3,3,2008,4,45,0,39510.20,0.785,1.1588,-0.1962,0.9626,0.9225,0.0401,-0.1776
3,3,2008,5,0,0,39510.21,0.762,1.1699,-0.1913,0.9786,0.9273,0.0512,-0.2166
3,3,2008,5,15,0,39510.22,0.8,1.2035,-0.1865,1.017,0.9322,0.0849,-0.217
3,3,2008,5,30,0,39510.23,0.821,1.267,-0.1817,1.0854,0.937,0.1484,-0.2644
3,3,2008,5,45,0,39510.24,0.952,1.3214,-0.1768,1.1446,0.9418,0.2027,-0.1926
3,3,2008,6,0,0,39510.25,1.061,1.3827,-0.172,1.2107,0.9467,0.264,-0.1497
3,3,2008,6,15,0,39510.26,1.005,1.4679,-0.1672,1.3007,0.9515,0.3492,-0.2957
3,3,2008,6,30,0,39510.27,1.342,1.5848,-0.1623,1.4225,0.9563,0.4662,-0.0805
3,3,2008,6,45,0,39510.28,1.323,1.6511,-0.1575,1.4936,0.9612,0.5324,-0.1706
3,3,2008,7,0,0,39510.29,1.292,1.7021,-0.1527,1.5494,0.966,0.5834,-0.2574
3,3,2008,7,15,0,39510.30,1.333,1.7289,-0.1478,1.5811,0.9708,0.6102,-0.2481
3,3,2008,7,30,0,39510.31,1.209,1.7505,-0.143,1.6075,0.9757,0.6318,-0.3985
3,3,2008,7,45,0,39510.32,1.225,1.7029,-0.1382,1.5647,0.9805,0.5842,-0.3397
3,3,2008,8,0,0,39510.33,1.122,1.6845,-0.1333,1.5511,0.9853,0.5658,-0.4291
3,3,2008,8,15,0,39510.34,1.23,1.622,-0.1285,1.4935,0.9902,0.5033,-0.2635
3,3,2008,8,30,0,39510.35,1.184,1.5745,-0.1237,1.4508,0.995,0.4558,-0.2668
3,3,2008,8,45,0,39510.36,1.151,1.5665,-0.1188,1.4477,0.9998,0.4478,-0.2967
3,3,2008,9,0,0,39510.38,1.205,1.5646,-0.114,1.4506,1.0047,0.4459,-0.2456
3,3,2008,9,15,0,39510.39,1.11,1.5444,-0.1092,1.4352,1.0095,0.4257,-0.3252
3,3,2008,9,30,0,39510.40,1.101,1.5568,-0.1043,1.4525,1.0143,0.4381,-0.3515
3,3,2008,9,45,0,39510.41,1.134,1.5694,-0.0995,1.4699,1.0192,0.4508,-0.3359
3,3,2008,10,0,0,39510.42,1.174,1.5649,-0.0947,1.4702,1.024,0.4462,-0.2962
3,3,2008,10,15,0,39510.43,1.207,1.5292,-0.0898,1.4394,1.0288,0.4106,-0.2324
3,3,2008,10,30,0,39510.44,1.151,1.5267,-0.085,1.4417,1.0337,0.408,-0.2907
3,3,2008,10,45,0,39510.45,1.01,1.5253,-0.0802,1.4451,1.0385,0.4066,-0.4351
3,3,2008,11,0,0,39510.46,1.079,1.5398,-0.0753,1.4644,1.0433,0.4211,-0.3854
3,3,2008,11,15,0,39510.47,1.085,1.5451,-0.0705,1.4746,1.0482,0.4264,-0.3896
3,3,2008,11,30,0,39510.48,1.007,1.4865,-0.0657,1.4209,1.053,0.3679,-0.4139
3,3,2008,11,45,0,39510.49,1.158,1.498,-0.0608,1.4371,1.0578,0.3793,-0.2791
3,3,2008,12,0,0,39510.50,1.097,1.4999,-0.056,1.4439,1.0627,0.3812,-0.3469
3,3,2008,12,15,0,39510.51,1.187,1.5019,-0.0512,1.4508,1.0675,0.3832,-0.2638
3,3,2008,12,30,0,39510.52,0.95,1.4915,-0.0463,1.4452,1.0723,0.3729,-0.4952
3,3,2008,12,45,0,39510.53,1.054,1.4829,-0.0415,1.4414,1.0772,0.3642,-0.3874
3,3,2008,13,0,0,39510.54,1.092,1.4646,-0.0367,1.428,1.082,0.3459,-0.336
3,3,2008,13,15,0,39510.55,1.063,1.4613,-0.0318,1.4295,1.0868,0.3426,-0.3665
3,3,2008,13,30,0,39510.56,1.102,1.4741,-0.027,1.4471,1.0917,0.3554,-0.3451
3,3,2008,13,45,0,39510.57,1.055,1.4768,-0.0222,1.4546,1.0965,0.3581,-0.3996
3,3,2008,14,0,0,39510.58,1.171,1.4802,-0.0173,1.4628,1.1013,0.3615,-0.2918
3,3,2008,14,15,0,39510.59,1.141,1.4549,-0.0125,1.4424,1.1062,0.3362,-0.3014
3,3,2008,14,30,0,39510.60,1.046,1.4532,-0.0077,1.4455,1.111,0.3345,-0.3995
3,3,2008,14,45,0,39510.61,0.994,1.4625,-0.0028,1.4596,1.1158,0.3438,-0.4656
3,3,2008,15,0,0,39510.63,1.018,1.4581,0.002,1.4601,1.1207,0.3395,-0.4421
3,3,2008,15,15,0,39510.64,1.093,1.4532,0.0068,1.46,1.1255,0.3345,-0.367
3,3,2008,15,30,0,39510.65,1.007,1.4351,0.0117,1.4467,1.1303,0.3164,-0.4397
3,3,2008,15,45,0,39510.66,1.091,1.4445,0.0165,1.461,1.1352,0.3258,-0.37
3,3,2008,16,0,0,39510.67,0.956,1.4593,0.0213,1.4806,1.14,0.3406,-0.5246
3,3,2008,16,15,0,39510.68,1.036,1.4658,0.0262,1.492,1.1448,0.3471,-0.456
3,3,2008,16,30,0,39510.69,0.946,1.4641,0.031,1.4951,1.1497,0.3454,-0.5491
3,3,2008,16,45,0,39510.70,1.034,1.476,0.0358,1.5118,1.1545,0.3573,-0.4778
3,3,2008,17,0,0,39510.71,0.93,1.4899,0.0407,1.5305,1.1593,0.3712,-0.6005
3,3,2008,17,15,0,39510.72,1.048,1.5076,0.0455,1.5531,1.1642,0.3889,-0.5051
3,3,2008,17,30,0,39510.73,1.109,1.4854,0.0503,1.5357,1.169,0.3667,-0.4267
3,3,2008,17,45,0,39510.74,1.044,1.5163,0.0552,1.5715,1.1738,0.3976,-0.5275
3,3,2008,18,0,0,39510.75,1.102,1.5515,0.06,1.6115,1.1787,0.4328,-0.5095
3,3,2008,18,15,0,39510.76,1.131,1.5548,0.0648,1.6196,1.1835,0.4361,-0.4886
3,3,2008,18,30,0,39510.77,1.168,1.5473,0.0697,1.617,1.1883,0.4286,-0.449
3,3,2008,18,45,0,39510.78,1.149,1.5871,0.0745,1.6616,1.1932,0.4684,-0.5126
3,3,2008,19,0,0,39510.79,1.297,1.6074,0.0793,1.6868,1.198,0.4888,-0.3898
3,3,2008,19,15,0,39510.80,1.299,1.5775,0.0842,1.6617,1.2028,0.4588,-0.3627
3,3,2008,19,30,0,39510.81,1.218,1.5901,0.089,1.6791,1.2077,0.4715,-0.4611
3,3,2008,19,45,0,39510.82,1.239,1.6187,0.0938,1.7125,1.2125,0.5,-0.4735
3,3,2008,20,0,0,39510.83,1.258,1.5887,0.0987,1.6874,1.2173,0.4701,-0.4294
3,3,2008,20,15,0,39510.84,1.225,1.6025,0.1035,1.706,1.2222,0.4838,-0.481
3,3,2008,20,30,0,39510.85,1.245,1.6284,0.1083,1.7368,1.227,0.5098,-0.4918
3,3,2008,20,45,0,39510.86,1.419,1.6338,0.1132,1.747,1.2318,0.5151,-0.328
3,3,2008,21,0,0,39510.88,1.349,1.6376,0.118,1.7556,1.2367,0.5189,-0.4066
3,3,2008,21,15,0,39510.89,1.393,1.6307,0.1228,1.7535,1.2415,0.512,-0.3605
3,3,2008,21,30,0,39510.90,1.712,1.6368,0.1277,1.7645,1.2463,0.5181,-0.0525
3,3,2008,21,45,0,39510.91,1.705,1.6515,0.1325,1.784,1.2512,0.5328,-0.079
3,3,2008,22,0,0,39510.92,1.775,1.6345,0.1373,1.7719,1.256,0.5159,0.0031
3,3,2008,22,15,0,39510.93,2.237,1.6316,0.1422,1.7738,1.2608,0.5129,0.4632
3,3,2008,22,30,0,39510.94,2.167,1.6006,0.147,1.7476,1.2657,0.4819,0.4194
3,3,2008,22,45,0,39510.95,2.844,1.5979,0.1518,1.7497,1.2705,0.4792,1.0943
3,3,2008,23,0,0,39510.96,3.288,1.5544,0.1567,1.711,1.2753,0.4357,1.577
3,3,2008,23,15,0,39510.97,3.841,1.5338,0.1615,1.6953,1.2802,0.4152,2.1457
3,3,2008,23,30,0,39510.98,5.418,1.5557,0.1663,1.722,1.285,0.437,3.696
3,3,2008,23,45,0,39510.99,5.832,1.5111,0.1712,1.6822,1.2898,0.3924,4.1498
3,4,2008,0,0,0,39511.00,4.047,1.3839,0.176,1.5599,1.2947,0.2653,2.4871
3,4,2008,0,15,0,39511.01,5.502,1.3608,0.1808,1.5417,1.2995,0.2422,3.9603
3,4,2008,0,30,0,39511.02,4.803,1.3314,0.1857,1.517,1.3043,0.2127,3.286
3,4,2008,0,45,0,39511.03,6.128,1.3023,0.1905,1.4928,1.3092,0.1836,4.6352
3,4,2008,1,0,0,39511.04,6.589,1.2575,0.1953,1.4528,1.314,0.1388,5.1362
3,4,2008,1,15,0,39511.05,7.463,1.2289,0.2002,1.429,1.3188,0.1102,6.034
3,4,2008,1,30,0,39511.06,7.437,1.2175,0.205,1.4225,1.3237,0.0989,6.0145
3,4,2008,1,45,0,39511.07,7.251,1.2031,0.2098,1.4129,1.3285,0.0844,5.8381
3,4,2008,2,0,0,39511.08,7.112,1.1831,0.2147,1.3978,1.3333,0.0645,5.7142
3,4,2008,2,15,0,39511.09,6.78,1.1776,0.2195,1.3971,1.3382,0.0589,5.3829
3,4,2008,2,30,0,39511.10,6.9,1.156,0.2243,1.3803,1.343,0.0373,5.5197
3,4,2008,2,45,0,39511.11,7.326,1.1558,0.2292,1.385,1.3478,0.0371,5.941
3,4,2008,3,0,0,39511.13,7.345,1.1572,0.234,1.3912,1.3527,0.0386,5.9538
3,4,2008,3,15,0,39511.14,7.274,1.1323,0.2388,1.3711,1.3575,0.0136,5.9029
3,4,2008,3,30,0,39511.15,7.029,1.1194,0.2437,1.3631,1.3623,0.0008,5.6659
3,4,2008,3,45,0,39511.16,6.733,1.1204,0.2485,1.3689,1.3672,0.0017,5.3641
3,4,2008,4,0,0,39511.17,6.689,1.1396,0.2533,1.393,1.372,0.021,5.296
3,4,2008,4,15,0,39511.18,6.438,1.1464,0.2582,1.4045,1.3768,0.0277,5.0335
3,4,2008,4,30,0,39511.19,6.238,1.1187,0.263,1.3817,1.3817,0,4.8563
3,4,2008,4,45,0,39511.20,6.025,1.1588,0.2678,1.4266,1.3846,0.042,4.5984
3,4,2008,5,0,0,39511.21,6.222,1.1699,0.2727,1.4426,1.3875,0.0551,4.7794
3,4,2008,5,15,0,39511.22,5.596,1.2035,0.2775,1.481,1.3904,0.0906,4.115
3,4,2008,5,30,0,39511.23,5.716,1.267,0.2823,1.5494,1.3933,0.1561,4.1666
3,4,2008,5,45,0,39511.24,6.239,1.3214,0.2872,1.6086,1.3962,0.2124,4.6304
3,4,2008,6,0,0,39511.25,5.736,1.3827,0.292,1.6747,1.3991,0.2756,4.0613
3,4,2008,6,15,0,39511.26,5.614,1.4679,0.2968,1.7647,1.402,0.3627,3.8493
3,4,2008,6,30,0,39511.27,5.519,1.5848,0.3017,1.8865,1.4049,0.4816,3.6325
3,4,2008,6,45,0,39511.28,5.64,1.6511,0.3065,1.9576,1.4078,0.5498,3.6824
3,4,2008,7,0,0,39511.29,5.555,1.7021,0.3113,2.0134,1.4107,0.6027,3.5416
3,4,2008,7,15,0,39511.30,4.948,1.7289,0.3162,2.0451,1.4136,0.6314,2.9029
3,4,2008,7,30,0,39511.31,5.142,1.7505,0.321,2.0715,1.4165,0.6549,3.0705
3,4,2008,7,45,0,39511.32,4.994,1.7029,0.3258,2.0287,1.4194,0.6092,2.9653
3,4,2008,8,0,0,39511.33,4.864,1.6845,0.3307,2.0151,1.4224,0.5928,2.8489
3,4,2008,8,15,0,39511.34,4.411,1.622,0.3355,1.9575,1.4253,0.5322,2.4535
3,4,2008,8,30,0,39511.35,5.208,1.5745,0.3403,1.9148,1.4282,0.4866,3.2932
3,4,2008,8,45,0,39511.36,4.663,1.5665,0.3452,1.9117,1.4311,0.4806,2.7513
3,4,2008,9,0,0,39511.38,4.323,1.5646,0.35,1.9146,1.434,0.4806,2.4084
3,4,2008,9,15,0,39511.39,4.498,1.5444,0.3548,1.8992,1.4369,0.4623,2.5988
3,4,2008,9,30,0,39511.40,3.96,1.5568,0.3597,1.9165,1.4398,0.4767,2.0435
3,4,2008,9,45,0,39511.41,3.996,1.5694,0.3645,1.9339,1.4427,0.4912,2.0621
3,4,2008,10,0,0,39511.42,3.734,1.5649,0.3693,1.9342,1.4456,0.4886,1.7998
3,4,2008,10,15,0,39511.43,3.808,1.5292,0.3742,1.9034,1.4485,0.4549,1.9046
3,4,2008,10,30,0,39511.44,4.129,1.5267,0.379,1.9057,1.4514,0.4543,2.2233
3,4,2008,10,45,0,39511.45,3.773,1.5253,0.3838,1.9091,1.4543,0.4548,1.8639
3,4,2008,11,0,0,39511.46,3.418,1.5398,0.3887,1.9284,1.4572,0.4712,1.4896
3,4,2008,11,15,0,39511.47,4.147,1.5451,0.3935,1.9386,1.4601,0.4784,2.2084
3,4,2008,11,30,0,39511.48,3.341,1.4865,0.3983,1.8849,1.463,0.4218,1.4561
3,4,2008,11,45,0,39511.49,3.368,1.498,0.4032,1.9011,1.4659,0.4352,1.4669
3,4,2008,12,0,0,39511.50,3.761,1.4999,0.408,1.9079,1.4688,0.439,1.8531
3,4,2008,12,15,0,39511.51,3.821,1.5019,0.4128,1.9148,1.4717,0.443,1.9062
3,4,2008,12,30,0,39511.52,3.403,1.4915,0.4177,1.9092,1.4747,0.4346,1.4938
3,4,2008,12,45,0,39511.53,3.372,1.4829,0.4225,1.9054,1.4776,0.4278,1.4666
3,4,2008,13,0,0,39511.54,3.79,1.4646,0.4273,1.892,1.4805,0.4115,1.898
3,4,2008,13,15,0,39511.55,3.385,1.4613,0.4322,1.8935,1.4834,0.4101,1.4915
3,4,2008,13,30,0,39511.56,3.832,1.4741,0.437,1.9111,1.4863,0.4248,1.9209
3,4,2008,13,45,0,39511.57,3.427,1.4768,0.4418,1.9186,1.4892,0.4294,1.5084
3,4,2008,14,0,0,39511.58,3.054,1.4802,0.4467,1.9268,1.4921,0.4347,1.1272
3,4,2008,14,15,0,39511.59,3.467,1.4549,0.4515,1.9064,1.495,0.4114,1.5606
3,4,2008,14,30,0,39511.60,3.306,1.4532,0.4563,1.9095,1.4979,0.4116,1.3965
3,4,2008,14,45,0,39511.61,3.141,1.4625,0.4612,1.9236,1.5008,0.4228,1.2174
3,4,2008,15,0,0,39511.63,3.108,1.4581,0.466,1.9241,1.5037,0.4204,1.1839
3,4,2008,15,15,0,39511.64,3.039,1.4532,0.4708,1.924,1.5066,0.4174,1.115
3,4,2008,15,30,0,39511.65,3.036,1.4351,0.4757,1.9107,1.5095,0.4012,1.1253
3,4,2008,15,45,0,39511.66,3.173,1.4445,0.4805,1.925,1.5124,0.4125,1.248
3,4,2008,16,0,0,39511.67,2.727,1.4593,0.4853,1.9446,1.5153,0.4293,0.7824
3,4,2008,16,15,0,39511.68,3.182,1.4658,0.4902,1.956,1.5182,0.4377,1.226
3,4,2008,16,30,0,39511.69,3.197,1.4641,0.495,1.9591,1.5211,0.4379,1.2379
3,4,2008,16,45,0,39511.70,3.151,1.476,0.4998,1.9758,1.5241,0.4518,1.1752
3,4,2008,17,0,0,39511.71,2.765,1.4899,0.5047,1.9945,1.527,0.4676,0.7705
3,4,2008,17,15,0,39511.72,2.839,1.5076,0.5095,2.0171,1.5299,0.4872,0.8219
3,4,2008,17,30,0,39511.73,2.732,1.4854,0.5143,1.9997,1.5328,0.467,0.7323
3,4,2008,17,45,0,39511.74,2.667,1.5163,0.5192,2.0355,1.5357,0.4998,0.6315
3,4,2008,18,0,0,39511.75,3.025,1.5515,0.524,2.0755,1.5386,0.5369,0.9495
3,4,2008,18,15,0,39511.76,2.661,1.5548,0.5288,2.0836,1.5415,0.5422,0.5774
3,4,2008,18,30,0,39511.77,2.871,1.5473,0.5337,2.081,1.5444,0.5366,0.79
3,4,2008,18,45,0,39511.78,2.901,1.5871,0.5385,2.1256,1.5473,0.5783,0.7754
3,4,2008,19,0,0,39511.79,2.777,1.6074,0.5433,2.1508,1.5502,0.6006,0.6262
3,4,2008,19,15,0,39511.80,2.805,1.5775,0.5482,2.1257,1.5531,0.5725,0.6793
3,4,2008,19,30,0,39511.81,2.481,1.5901,0.553,2.1431,1.556,0.5871,0.3379
3,4,2008,19,45,0,39511.82,2.615,1.6187,0.5578,2.1765,1.5589,0.6176,0.4385
3,4,2008,20,0,0,39511.83,2.672,1.5887,0.5627,2.1514,1.5618,0.5896,0.5206
3,4,2008,20,15,0,39511.84,2.869,1.6025,0.5675,2.17,1.5647,0.6053,0.699
3,4,2008,20,30,0,39511.85,2.68,1.6284,0.5723,2.2008,1.5676,0.6331,0.4792
3,4,2008,20,45,0,39511.86,2.841,1.6338,0.5772,2.211,1.5705,0.6404,0.63
3,4,2008,21,0,0,39511.88,2.65,1.6376,0.582,2.2196,1.5734,0.6462,0.4304
3,4,2008,21,15,0,39511.89,2.896,1.6307,0.5868,2.2175,1.5764,0.6412,0.6785
3,4,2008,21,30,0,39511.90,2.645,1.6368,0.5917,2.2285,1.5793,0.6492,0.4165
3,4,2008,21,45,0,39511.91,2.408,1.6515,0.5965,2.248,1.5822,0.6658,0.16
3,4,2008,22,0,0,39511.92,2.545,1.6345,0.6013,2.2359,1.5851,0.6508,0.3091
3,4,2008,22,15,0,39511.93,2.396,1.6316,0.6062,2.2378,1.588,0.6498,0.1582
3,4,2008,22,30,0,39511.94,2.255,1.6006,0.611,2.2116,1.5909,0.6207,0.0434
3,4,2008,22,45,0,39511.95,2.897,1.5979,0.6158,2.2137,1.5938,0.6199,0.6833
3,4,2008,23,0,0,39511.96,2.928,1.5544,0.6207,2.175,1.5967,0.5784,0.753
3,4,2008,23,15,0,39511.97,2.766,1.5338,0.6255,2.1593,1.5996,0.5597,0.6067
3,4,2008,23,30,0,39511.98,2.768,1.5557,0.6303,2.186,1.6025,0.5835,0.582
3,4,2008,23,45,0,39511.99,2.731,1.5111,0.6352,2.1462,1.6054,0.5408,0.5848
3,5,2008,0,0,0,39512.00,2.697,1.3839,0.64,2.0239,1.6083,0.4156,0.6731
3,5,2008,0,15,0,39512.01,2.65,1.3608,0.6346,1.9954,1.6112,0.3842,0.6546
3,5,2008,0,30,0,39512.02,2.526,1.3314,0.6291,1.9605,1.6141,0.3464,0.5655
3,5,2008,0,45,0,39512.03,2.412,1.3023,0.6237,1.926,1.617,0.309,0.486
3,5,2008,1,0,0,39512.04,2.656,1.2575,0.6182,1.8757,1.6199,0.2557,0.7803
3,5,2008,1,15,0,39512.05,2.41,1.2289,0.6128,1.8416,1.6228,0.2188,0.5684
3,5,2008,1,30,0,39512.06,2.253,1.2175,0.6073,1.8249,1.6257,0.1991,0.4281
3,5,2008,1,45,0,39512.07,2.15,1.2031,0.6019,1.805,1.6287,0.1763,0.345
3,5,2008,2,0,0,39512.08,2.076,1.1831,0.5964,1.7796,1.6316,0.148,0.2964
3,5,2008,2,15,0,39512.09,2.493,1.1776,0.591,1.7686,1.6345,0.1341,0.7244
3,5,2008,2,30,0,39512.10,2.11,1.156,0.5855,1.7415,1.6374,0.1041,0.3685
3,5,2008,2,45,0,39512.11,2.249,1.1558,0.5801,1.7359,1.6403,0.0956,0.5131
3,5,2008,3,0,0,39512.13,2.353,1.1572,0.5746,1.7319,1.6432,0.0887,0.6211
3,5,2008,3,15,0,39512.14,2.269,1.1323,0.5692,1.7015,1.6461,0.0554,0.5675
3,5,2008,3,30,0,39512.15,2.112,1.1194,0.5637,1.6832,1.649,0.0342,0.4288
3,5,2008,3,45,0,39512.16,2.109,1.1204,0.5583,1.6787,1.6519,0.0268,0.4303
3,5,2008,4,0,0,39512.17,2.363,1.1396,0.5528,1.6925,1.6548,0.0377,0.6705
3,5,2008,4,15,0,39512.18,2.281,1.1464,0.5474,1.6938,1.6577,0.0361,0.5872
3,5,2008,4,30,0,39512.19,2.007,1.1187,0.5419,1.6606,1.6606,0,0.3464
3,5,2008,4,45,0,39512.20,2.203,1.1588,0.5365,1.6953,1.6568,0.0385,0.5077
3,5,2008,5,0,0,39512.21,2.242,1.1699,0.531,1.7009,1.6529,0.048,0.5411
3,5,2008,5,15,0,39512.22,2.202,1.2035,0.5256,1.7291,1.6491,0.0801,0.4729
3,5,2008,5,30,0,39512.23,2.366,1.267,0.5201,1.7872,1.6452,0.142,0.5788
3,5,2008,5,45,0,39512.24,2.161,1.3214,0.5147,1.8361,1.6414,0.1948,0.3249
3,5,2008,6,0,0,39512.25,2.059,1.3827,0.5093,1.8919,1.6375,0.2544,0.1671
3,5,2008,6,15,0,39512.26,2.192,1.4679,0.5038,1.9717,1.6336,0.338,0.2203
3,5,2008,6,30,0,39512.27,2.354,1.5848,0.4984,2.0832,1.6298,0.4534,0.2708
3,5,2008,6,45,0,39512.28,2.541,1.6511,0.4929,2.144,1.6259,0.5181,0.397
3,5,2008,7,0,0,39512.29,2.681,1.7021,0.4875,2.1896,1.6221,0.5675,0.4914
3,5,2008,7,15,0,39512.30,2.679,1.7289,0.482,2.2109,1.6182,0.5927,0.4681
3,5,2008,7,30,0,39512.31,2.486,1.7505,0.4766,2.227,1.6144,0.6127,0.259
3,5,2008,7,45,0,39512.32,2.421,1.7029,0.4711,2.174,1.6105,0.5634,0.247
3,5,2008,8,0,0,39512.33,2.383,1.6845,0.4657,2.1501,1.6067,0.5434,0.2329
3,5,2008,8,15,0,39512.34,2.137,1.622,0.4602,2.0822,1.6028,0.4794,0.0548
3,5,2008,8,30,0,39512.35,2.183,1.5745,0.4548,2.0292,1.599,0.4303,0.1538
3,5,2008,8,45,0,39512.36,2.115,1.5665,0.4493,2.0158,1.5951,0.4207,0.0992
3,5,2008,9,0,0,39512.38,2.393,1.5646,0.4439,2.0084,1.5913,0.4172,0.3846
3,5,2008,9,15,0,39512.39,2.176,1.5444,0.4384,1.9828,1.5874,0.3954,0.1932
3,5,2008,9,30,0,39512.40,1.972,1.5568,0.433,1.9898,1.5836,0.4062,-0.0178
3,5,2008,9,45,0,39512.41,2.118,1.5694,0.4275,1.997,1.5797,0.4172,0.121
3,5,2008,10,0,0,39512.42,2.444,1.5649,0.4221,1.9869,1.5759,0.4111,0.4571
3,5,2008,10,15,0,39512.43,2.143,1.5292,0.4166,1.9459,1.572,0.3739,0.1971
3,5,2008,10,30,0,39512.44,2.073,1.5267,0.4112,1.9379,1.5682,0.3697,0.1351
3,5,2008,10,45,0,39512.45,2.193,1.5253,0.4057,1.931,1.5643,0.3667,0.262
3,5,2008,11,0,0,39512.46,2.011,1.5398,0.4003,1.94,1.5605,0.3796,0.071
3,5,2008,11,15,0,39512.47,2.216,1.5451,0.3948,1.9399,1.5566,0.3833,0.2761
3,5,2008,11,30,0,39512.48,1.96,1.4865,0.3894,1.8759,1.5528,0.3232,0.0841
3,5,2008,11,45,0,39512.49,2.058,1.498,0.3839,1.8819,1.5489,0.333,0.1761
3,5,2008,12,0,0,39512.50,2.125,1.4999,0.3785,1.8784,1.545,0.3333,0.2466
3,5,2008,12,15,0,39512.51,2.143,1.5019,0.3731,1.875,1.5412,0.3338,0.268
3,5,2008,12,30,0,39512.52,2.19,1.4915,0.3676,1.8591,1.5373,0.3218,0.3309
3,5,2008,12,45,0,39512.53,2.041,1.4829,0.3622,1.845,1.5335,0.3116,0.196
3,5,2008,13,0,0,39512.54,2.011,1.4646,0.3567,1.8213,1.5296,0.2917,0.1897
3,5,2008,13,15,0,39512.55,2.024,1.4613,0.3513,1.8126,1.5258,0.2868,0.2114
3,5,2008,13,30,0,39512.56,1.959,1.4741,0.3458,1.8199,1.5219,0.298,0.1391
3,5,2008,13,45,0,39512.57,2.241,1.4768,0.3404,1.8171,1.5181,0.2991,0.4239
3,5,2008,14,0,0,39512.58,2.427,1.4802,0.3349,1.8151,1.5142,0.3008,0.6119
3,5,2008,14,15,0,39512.59,2.277,1.4549,0.3295,1.7843,1.5104,0.274,0.4927
3,5,2008,14,30,0,39512.60,1.998,1.4532,0.324,1.7772,1.5065,0.2707,0.2208
3,5,2008,14,45,0,39512.61,2.371,1.4625,0.3186,1.781,1.5027,0.2784,0.59
3,5,2008,15,0,0,39512.63,2.259,1.4581,0.3131,1.7713,1.4988,0.2724,0.4877
3,5,2008,15,15,0,39512.64,2.071,1.4532,0.3077,1.7609,1.495,0.2659,0.3101
3,5,2008,15,30,0,39512.65,1.941,1.4351,0.3022,1.7373,1.4911,0.2462,0.2037
3,5,2008,15,45,0,39512.66,2.078,1.4445,0.2968,1.7412,1.4873,0.254,0.3368
3,5,2008,16,0,0,39512.67,2.255,1.4593,0.2913,1.7506,1.4834,0.2672,0.5044
3,5,2008,16,15,0,39512.68,2.079,1.4658,0.2859,1.7517,1.4796,0.2721,0.3273
3,5,2008,16,30,0,39512.69,2.193,1.4641,0.2804,1.7445,1.4757,0.2688,0.4485
3,5,2008,16,45,0,39512.70,2.147,1.476,0.275,1.751,1.4719,0.2791,0.396
3,5,2008,17,0,0,39512.71,2.157,1.4899,0.2695,1.7594,1.468,0.2914,0.3976
3,5,2008,17,15,0,39512.72,2.044,1.5076,0.2641,1.7717,1.4642,0.3075,0.2723
3,5,2008,17,30,0,39512.73,1.911,1.4854,0.2586,1.7441,1.4603,0.2838,0.1669
3,5,2008,17,45,0,39512.74,2.288,1.5163,0.2532,1.7695,1.4564,0.313,0.5185
3,5,2008,18,0,0,39512.75,2.221,1.5515,0.2478,1.7992,1.4526,0.3466,0.4218
3,5,2008,18,15,0,39512.76,1.991,1.5548,0.2423,1.7971,1.4487,0.3484,0.1939
3,5,2008,18,30,0,39512.77,2.047,1.5473,0.2369,1.7842,1.4449,0.3393,0.2628
3,5,2008,18,45,0,39512.78,2.209,1.5871,0.2314,1.8185,1.441,0.3774,0.3905
3,5,2008,19,0,0,39512.79,2.244,1.6074,0.226,1.8334,1.4372,0.3962,0.4106
3,5,2008,19,15,0,39512.80,2.107,1.5775,0.2205,1.798,1.4333,0.3647,0.309
3,5,2008,19,30,0,39512.81,2.29,1.5901,0.2151,1.8052,1.4295,0.3757,0.4848
3,5,2008,19,45,0,39512.82,2.108,1.6187,0.2096,1.8283,1.4256,0.4027,0.2797
3,5,2008,20,0,0,39512.83,2.16,1.5887,0.2042,1.7929,1.4218,0.3711,0.3671
3,5,2008,20,15,0,39512.84,1.936,1.6025,0.1987,1.8012,1.4179,0.3833,0.1348
3,5,2008,20,30,0,39512.85,2.226,1.6284,0.1933,1.8217,1.4141,0.4076,0.4043
3,5,2008,20,45,0,39512.86,2.206,1.6338,0.1878,1.8216,1.4102,0.4114,0.3844
3,5,2008,21,0,0,39512.88,2.09,1.6376,0.1824,1.82,1.4064,0.4136,0.27
3,5,2008,21,15,0,39512.89,1.926,1.6307,0.1769,1.8076,1.4025,0.4051,0.1184
3,5,2008,21,30,0,39512.90,2.192,1.6368,0.1715,1.8083,1.3987,0.4096,0.3837
3,5,2008,21,45,0,39512.91,2.012,1.6515,0.166,1.8175,1.3948,0.4227,0.1945
3,5,2008,22,0,0,39512.92,1.977,1.6345,0.1606,1.7951,1.391,0.4042,0.1819
3,5,2008,22,15,0,39512.93,2.226,1.6316,0.1551,1.7867,1.3871,0.3996,0.4393
3,5,2008,22,30,0,39512.94,2.163,1.6006,0.1497,1.7503,1.3833,0.367,0.4127
3,5,2008,22,45,0,39512.95,1.956,1.5979,0.1442,1.7421,1.3794,0.3627,0.2139
3,5,2008,23,0,0,39512.96,1.781,1.5544,0.1388,1.6932,1.3755,0.3176,0.0878
3,5,2008,23,15,0,39512.97,1.937,1.5338,0.1333,1.6672,1.3717,0.2955,0.2698
3,5,2008,23,30,0,39512.98,1.996,1.5557,0.1279,1.6836,1.3678,0.3158,0.3124
3,5,2008,23,45,0,39512.99,1.695,1.5111,0.1224,1.6335,1.364,0.2695,0.0615
3,6,2008,0,0,0,39513.00,1.91,1.3839,0.117,1.5009,1.3601,0.1408,0.4091
3,6,2008,0,15,0,39513.01,1.651,1.3608,0.1201,1.4809,1.3563,0.1246,0.1701
3,6,2008,0,30,0,39513.02,1.557,1.3314,0.1231,1.4545,1.3524,0.1021,0.1025
3,6,2008,0,45,0,39513.03,1.506,1.3023,0.1262,1.4285,1.3486,0.0799,0.0775
3,6,2008,1,0,0,39513.04,1.71,1.2575,0.1292,1.3867,1.3447,0.042,0.3233
3,6,2008,1,15,0,39513.05,1.519,1.2289,0.1323,1.3612,1.3409,0.0203,0.1578
3,6,2008,1,30,0,39513.06,1.528,1.2175,0.1354,1.3529,1.337,0.0159,0.1751
3,6,2008,1,45,0,39513.07,1.54,1.2031,0.1384,1.3415,1.3332,0.0084,0.1985
3,6,2008,2,0,0,39513.08,1.675,1.1831,0.1415,1.3246,1.3293,-0.0047,0.3504
3,6,2008,2,15,0,39513.09,1.576,1.1776,0.1446,1.3222,1.3255,-0.0033,0.2538
3,6,2008,2,30,0,39513.10,1.508,1.156,0.1476,1.3036,1.3216,-0.018,0.2044
3,6,2008,2,45,0,39513.11,1.535,1.1558,0.1507,1.3065,1.3178,-0.0113,0.2285
3,6,2008,3,0,0,39513.13,1.565,1.1572,0.1538,1.311,1.3139,-0.0029,0.254
3,6,2008,3,15,0,39513.14,1.348,1.1323,0.1568,1.2891,1.3101,-0.021,0.0589
3,6,2008,3,30,0,39513.15,1.32,1.1194,0.1599,1.2793,1.3062,-0.0269,0.0407
3,6,2008,3,45,0,39513.16,1.437,1.1204,0.1629,1.2833,1.3024,-0.019,0.1537
3,6,2008,4,0,0,39513.17,1.408,1.1396,0.166,1.3056,1.2985,0.0071,0.1024
3,6,2008,4,15,0,39513.18,1.523,1.1464,0.1691,1.3154,1.2947,0.0208,0.2076
3,6,2008,4,30,0,39513.19,1.428,1.1187,0.1721,1.2908,1.2908,0,0.1372
3,6,2008,4,45,0,39513.20,1.423,1.1588,0.1752,1.334,1.293,0.0409,0.089
3,6,2008,5,0,0,39513.21,1.609,1.1699,0.1783,1.3481,1.2953,0.0529,0.2609
3,6,2008,5,15,0,39513.22,1.423,1.2035,0.1813,1.3849,1.2975,0.0874,0.0381
3,6,2008,5,30,0,39513.23,1.617,1.267,0.1844,1.4514,1.2997,0.1517,0.1656
3,6,2008,5,45,0,39513.24,1.555,1.3214,0.1874,1.5088,1.302,0.2069,0.0462
3,6,2008,6,0,0,39513.25,1.805,1.3827,0.1905,1.5732,1.3042,0.269,0.2318
3,6,2008,6,15,0,39513.26,1.776,1.4679,0.1936,1.6614,1.3064,0.355,0.1146
3,6,2008,6,30,0,39513.27,2.084,1.5848,0.1966,1.7815,1.3087,0.4728,0.3025
3,6,2008,6,45,0,39513.28,1.81,1.6511,0.1997,1.8508,1.3109,0.5399,-0.0408
3,6,2008,7,0,0,39513.29,1.992,1.7021,0.2027,1.9049,1.3131,0.5917,0.0871
3,6,2008,7,15,0,39513.30,2.078,1.7289,0.2058,1.9347,1.3153,0.6194,0.1433
3,6,2008,7,30,0,39513.31,1.84,1.7505,0.2089,1.9594,1.3176,0.6418,-0.1194
3,6,2008,7,45,0,39513.32,1.752,1.7029,0.2119,1.9148,1.3198,0.595,-0.1628
3,6,2008,8,0,0,39513.33,2.009,1.6845,0.215,1.8995,1.322,0.5774,0.1095
3,6,2008,8,15,0,39513.34,1.778,1.622,0.2181,1.84,1.3243,0.5158,-0.062
3,6,2008,8,30,0,39513.35,1.718,1.5745,0.2211,1.7956,1.3265,0.4691,-0.0776
3,6,2008,8,45,0,39513.36,1.639,1.5665,0.2242,1.7907,1.3287,0.462,-0.1517
3,6,2008,9,0,0,39513.38,1.694,1.5646,0.2273,1.7918,1.331,0.4609,-0.0978
3,6,2008,9,15,0,39513.39,1.607,1.5444,0.2303,1.7747,1.3332,0.4415,-0.1677
3,6,2008,9,30,0,39513.40,1.663,1.5568,0.2334,1.7902,1.3354,0.4548,-0.1272
3,6,2008,9,45,0,39513.41,1.97,1.5694,0.2364,1.8059,1.3377,0.4682,0.1641
3,6,2008,10,0,0,39513.42,1.663,1.5649,0.2395,1.8044,1.3399,0.4645,-0.1414
3,6,2008,10,15,0,39513.43,1.62,1.5292,0.2426,1.7718,1.3421,0.4297,-0.1518
3,6,2008,10,30,0,39513.44,1.693,1.5267,0.2456,1.7723,1.3444,0.428,-0.0793
3,6,2008,10,45,0,39513.45,1.638,1.5253,0.2487,1.774,1.3466,0.4274,-0.136
3,6,2008,11,0,0,39513.46,1.687,1.5398,0.2518,1.7915,1.3488,0.4427,-0.1045
3,6,2008,11,15,0,39513.47,1.845,1.5451,0.2548,1.7999,1.351,0.4488,0.0451
3,6,2008,11,30,0,39513.48,1.745,1.4865,0.2579,1.7444,1.3533,0.3911,0.0006
3,6,2008,11,45,0,39513.49,1.511,1.498,0.2609,1.7589,1.3555,0.4034,-0.2479
3,6,2008,12,0,0,39513.50,1.638,1.4999,0.264,1.7639,1.3577,0.4061,-0.1259
3,6,2008,12,15,0,39513.51,1.627,1.5019,0.2671,1.769,1.36,0.409,-0.142
3,6,2008,12,30,0,39513.52,1.695,1.4915,0.2701,1.7617,1.3622,0.3995,-0.0667
3,6,2008,12,45,0,39513.53,1.773,1.4829,0.2732,1.7561,1.3644,0.3916,0.0169
3,6,2008,13,0,0,39513.54,1.517,1.4646,0.2762,1.7409,1.3667,0.3742,-0.2239
3,6,2008,13,15,0,39513.55,1.621,1.4613,0.2793,1.7406,1.3689,0.3717,-0.1196
3,6,2008,13,30,0,39513.56,1.795,1.4741,0.2824,1.7565,1.3711,0.3854,0.0385
3,6,2008,13,45,0,39513.57,1.778,1.4768,0.2854,1.7622,1.3734,0.3889,0.0158
3,6,2008,14,0,0,39513.58,1.568,1.4802,0.2885,1.7687,1.3756,0.3931,-0.2007
3,6,2008,14,15,0,39513.59,1.673,1.4549,0.2916,1.7464,1.3778,0.3686,-0.0734
3,6,2008,14,30,0,39513.60,1.83,1.4532,0.2946,1.7478,1.3801,0.3677,0.0822
3,6,2008,14,45,0,39513.61,1.785,1.4625,0.2977,1.7601,1.3823,0.3779,0.0249
3,6,2008,15,0,0,39513.63,1.674,1.4581,0.3008,1.7589,1.3845,0.3744,-0.0849
3,6,2008,15,15,0,39513.64,1.673,1.4532,0.3038,1.757,1.3868,0.3702,-0.084
3,6,2008,15,30,0,39513.65,1.751,1.4351,0.3069,1.742,1.389,0.353,0.009
3,6,2008,15,45,0,39513.66,1.565,1.4445,0.3099,1.7544,1.3912,0.3632,-0.1894
3,6,2008,16,0,0,39513.67,1.745,1.4593,0.313,1.7723,1.3934,0.3788,-0.0273
3,6,2008,16,15,0,39513.68,1.565,1.4658,0.3161,1.7819,1.3957,0.3862,-0.2169
3,6,2008,16,30,0,39513.69,1.749,1.4641,0.3191,1.7832,1.3979,0.3853,-0.0342
3,6,2008,16,45,0,39513.70,1.843,1.476,0.3222,1.7982,1.4001,0.398,0.0448
3,6,2008,17,0,0,39513.71,1.831,1.4899,0.3253,1.8151,1.4024,0.4127,0.0159
3,6,2008,17,15,0,39513.72,1.757,1.5076,0.3283,1.8359,1.4046,0.4313,-0.0789
3,6,2008,17,30,0,39513.73,1.739,1.4854,0.3314,1.8168,1.4068,0.4099,-0.0778
3,6,2008,17,45,0,39513.74,1.728,1.5163,0.3344,1.8507,1.4091,0.4417,-0.1227
3,6,2008,18,0,0,39513.75,1.682,1.5515,0.3375,1.889,1.4113,0.4777,-0.207
3,6,2008,18,15,0,39513.76,1.779,1.5548,0.3406,1.8954,1.4135,0.4818,-0.1164
3,6,2008,18,30,0,39513.77,1.707,1.5473,0.3436,1.8909,1.4158,0.4752,-0.1839
3,6,2008,18,45,0,39513.78,1.59,1.5871,0.3467,1.9337,1.418,0.5157,-0.3437
3,6,2008,19,0,0,39513.79,1.677,1.6074,0.3497,1.9572,1.4202,0.537,-0.2802
3,6,2008,19,15,0,39513.80,1.605,1.5775,0.3528,1.9303,1.4225,0.5078,-0.3253
3,6,2008,19,30,0,39513.81,1.656,1.5901,0.3559,1.946,1.4247,0.5213,-0.29
3,6,2008,19,45,0,39513.82,2.023,1.6187,0.3589,1.9776,1.4269,0.5507,0.0454
3,6,2008,20,0,0,39513.83,1.964,1.5887,0.362,1.9507,1.4292,0.5216,0.0133
3,6,2008,20,15,0,39513.84,1.645,1.6025,0.3651,1.9675,1.4314,0.5362,-0.3225
3,6,2008,20,30,0,39513.85,1.693,1.6284,0.3681,1.9966,1.4336,0.5629,-0.3036
3,6,2008,20,45,0,39513.86,1.613,1.6338,0.3712,2.005,1.4358,0.5692,-0.392
3,6,2008,21,0,0,39513.88,1.591,1.6376,0.3743,2.0119,1.4381,0.5738,-0.4209
3,6,2008,21,15,0,39513.89,1.8,1.6307,0.3773,2.008,1.4403,0.5677,-0.208
3,6,2008,21,30,0,39513.90,1.661,1.6368,0.3804,2.0172,1.4425,0.5746,-0.3562
3,6,2008,21,45,0,39513.91,1.571,1.6515,0.3834,2.0349,1.4448,0.5902,-0.4639
3,6,2008,22,0,0,39513.92,1.54,1.6345,0.3865,2.021,1.447,0.574,-0.481
3,6,2008,22,15,0,39513.93,1.852,1.6316,0.3896,2.0212,1.4492,0.5719,-0.1692
3,6,2008,22,30,0,39513.94,1.626,1.6006,0.3926,1.9932,1.4515,0.5417,-0.3672
3,6,2008,22,45,0,39513.95,1.731,1.5979,0.3957,1.9936,1.4537,0.5399,-0.2626
3,6,2008,23,0,0,39513.96,1.397,1.5544,0.3988,1.9531,1.4559,0.4972,-0.5561
3,6,2008,23,15,0,39513.97,1.319,1.5338,0.4018,1.9357,1.4582,0.4775,-0.6167
3,6,2008,23,30,0,39513.98,1.563,1.5557,0.4049,1.9606,1.4604,0.5002,-0.3976
3,6,2008,23,45,0,39513.99,1.422,1.5111,0.4079,1.919,1.4626,0.4564,-0.497
3,7,2008,0,0,0,39514.00,1.298,1.3839,0.411,1.7949,1.4649,0.3301,-0.4969
3,7,2008,0,15,0,39514.01,1.228,1.3608,0.4096,1.7705,1.4671,0.3034,-0.5425
3,7,2008,0,30,0,39514.02,1.483,1.3314,0.4083,1.7396,1.4693,0.2703,-0.2566
3,7,2008,0,45,0,39514.03,1.321,1.3023,0.4069,1.7092,1.4715,0.2377,-0.3882
3,7,2008,1,0,0,39514.04,1.292,1.2575,0.4055,1.663,1.4738,0.1892,-0.371
3,7,2008,1,15,0,39514.05,1.268,1.2289,0.4042,1.633,1.476,0.157,-0.365
3,7,2008,1,30,0,39514.06,1.097,1.2175,0.4028,1.6203,1.4782,0.1421,-0.5233
3,7,2008,1,45,0,39514.07,1.396,1.2031,0.4014,1.6045,1.4805,0.124,-0.2085
3,7,2008,2,0,0,39514.08,1.279,1.1831,0.4,1.5832,1.4827,0.1005,-0.3042
3,7,2008,2,15,0,39514.09,1.263,1.1776,0.3987,1.5763,1.4849,0.0913,-0.3133
3,7,2008,2,30,0,39514.10,1.2,1.156,0.3973,1.5533,1.4872,0.0661,-0.3533
3,7,2008,2,45,0,39514.11,1.259,1.1558,0.3959,1.5517,1.4894,0.0623,-0.2927
3,7,2008,3,0,0,39514.13,1.22,1.1572,0.3946,1.5518,1.4916,0.0602,-0.3318
3,7,2008,3,15,0,39514.14,1.19,1.1323,0.3932,1.5255,1.4939,0.0316,-0.3355
3,7,2008,3,30,0,39514.15,1.218,1.1194,0.3918,1.5113,1.4961,0.0152,-0.2933
3,7,2008,3,45,0,39514.16,1.261,1.1204,0.3905,1.5108,1.4983,0.0125,-0.2498
3,7,2008,4,0,0,39514.17,1.268,1.1396,0.3891,1.5287,1.5006,0.0282,-0.2607
3,7,2008,4,15,0,39514.18,1.144,1.1464,0.3877,1.5341,1.5028,0.0313,-0.3901
3,7,2008,4,30,0,39514.19,1.099,1.1187,0.3863,1.505,1.505,0,-0.406
3,7,2008,4,45,0,39514.20,1.273,1.1588,0.385,1.5438,1.5061,0.0376,-0.2708
3,7,2008,5,0,0,39514.21,1.245,1.1699,0.3836,1.5535,1.5072,0.0463,-0.3085
3,7,2008,5,15,0,39514.22,1.313,1.2035,0.3822,1.5858,1.5084,0.0774,-0.2728
3,7,2008,5,30,0,39514.23,1.172,1.267,0.3809,1.6479,1.5095,0.1384,-0.4759
3,7,2008,5,45,0,39514.24,1.36,1.3214,0.3795,1.7009,1.5106,0.1903,-0.3409
3,7,2008,6,0,0,39514.25,1.445,1.3827,0.3781,1.7608,1.5117,0.2491,-0.3158
3,7,2008,6,15,0,39514.26,1.789,1.4679,0.3768,1.8446,1.5128,0.3318,-0.0556
3,7,2008,6,30,0,39514.27,2.024,1.5848,0.3754,1.9602,1.5139,0.4463,0.0638
3,7,2008,6,45,0,39514.28,1.862,1.6511,0.374,2.0251,1.515,0.5101,-0.1631
3,7,2008,7,0,0,39514.29,2.041,1.7021,0.3726,2.0748,1.5161,0.5586,-0.0338
3,7,2008,7,15,0,39514.30,2.359,1.7289,0.3713,2.1002,1.5172,0.5829,0.2588
3,7,2008,7,30,0,39514.31,2.516,1.7505,0.3699,2.1204,1.5184,0.602,0.3956
3,7,2008,7,45,0,39514.32,2.239,1.7029,0.3685,2.0714,1.5195,0.5519,0.1676
3,7,2008,8,0,0,39514.33,2.483,1.6845,0.3672,2.0516,1.5206,0.531,0.4314
3,7,2008,8,15,0,39514.34,2.126,1.622,0.3658,1.9878,1.5217,0.4661,0.1382
3,7,2008,8,30,0,39514.35,2.468,1.5745,0.3644,1.9389,1.5228,0.4161,0.5291
3,7,2008,8,45,0,39514.36,2.631,1.5665,0.3631,1.9296,1.5239,0.4057,0.7014
3,7,2008,9,0,0,39514.38,2.497,1.5646,0.3617,1.9263,1.525,0.4012,0.5707
3,7,2008,9,15,0,39514.39,2.44,1.5444,0.3603,1.9047,1.5261,0.3786,0.5353
3,7,2008,9,30,0,39514.40,2.479,1.5568,0.3589,1.9158,1.5272,0.3885,0.5632
3,7,2008,9,45,0,39514.41,2.64,1.5694,0.3576,1.927,1.5284,0.3986,0.713
3,7,2008,10,0,0,39514.42,2.757,1.5649,0.3562,1.9211,1.5295,0.3916,0.8359
3,7,2008,10,15,0,39514.43,2.483,1.5292,0.3548,1.8841,1.5306,0.3535,0.5989
3,7,2008,10,30,0,39514.44,2.688,1.5267,0.3535,1.8802,1.5317,0.3485,0.8078
3,7,2008,10,45,0,39514.45,2.535,1.5253,0.3521,1.8774,1.5328,0.3446,0.6576
3,7,2008,11,0,0,39514.46,2.52,1.5398,0.3507,1.8905,1.5339,0.3566,0.6295
3,7,2008,11,15,0,39514.47,2.322,1.5451,0.3494,1.8944,1.535,0.3594,0.4276
3,7,2008,11,30,0,39514.48,2.468,1.4865,0.348,1.8345,1.5361,0.2984,0.6335
3,7,2008,11,45,0,39514.49,2.386,1.498,0.3466,1.8446,1.5373,0.3073,0.5414
3,7,2008,12,0,0,39514.50,2.341,1.4999,0.3452,1.8451,1.5384,0.3068,0.4959
3,7,2008,12,15,0,39514.51,2.309,1.5019,0.3439,1.8458,1.5395,0.3063,0.4632
3,7,2008,12,30,0,39514.52,2.295,1.4915,0.3425,1.8341,1.5406,0.2935,0.4609
3,7,2008,12,45,0,39514.53,2.309,1.4829,0.3411,1.824,1.5417,0.2823,0.485
3,7,2008,13,0,0,39514.54,2.159,1.4646,0.3398,1.8044,1.5428,0.2616,0.3546
3,7,2008,13,15,0,39514.55,2.168,1.4613,0.3384,1.7997,1.5439,0.2558,0.3683
3,7,2008,13,30,0,39514.56,1.98,1.4741,0.337,1.8111,1.545,0.2661,0.1689
3,7,2008,13,45,0,39514.57,2.298,1.4768,0.3357,1.8124,1.5461,0.2663,0.4856
3,7,2008,14,0,0,39514.58,1.976,1.4802,0.3343,1.8145,1.5473,0.2672,0.1615
3,7,2008,14,15,0,39514.59,1.994,1.4549,0.3329,1.7878,1.5484,0.2394,0.2062
3,7,2008,14,30,0,39514.60,2.148,1.4532,0.3316,1.7847,1.5495,0.2352,0.3633
3,7,2008,14,45,0,39514.61,2.203,1.4625,0.3302,1.7926,1.5506,0.2421,0.4104
3,7,2008,15,0,0,39514.63,2.337,1.4581,0.3288,1.7869,1.5517,0.2352,0.5501
3,7,2008,15,15,0,39514.64,2.133,1.4532,0.3274,1.7806,1.5528,0.2278,0.3524
3,7,2008,15,30,0,39514.65,2.086,1.4351,0.3261,1.7612,1.5539,0.2072,0.3248
3,7,2008,15,45,0,39514.66,2.02,1.4445,0.3247,1.7692,1.555,0.2141,0.2508
3,7,2008,16,0,0,39514.67,2.133,1.4593,0.3233,1.7826,1.5561,0.2265,0.3504
3,7,2008,16,15,0,39514.68,2.158,1.4658,0.322,1.7878,1.5573,0.2305,0.3702
3,7,2008,16,30,0,39514.69,2.233,1.4641,0.3206,1.7847,1.5584,0.2263,0.4483
3,7,2008,16,45,0,39514.70,2.115,1.476,0.3192,1.7952,1.5595,0.2357,0.3198
3,7,2008,17,0,0,39514.71,1.867,1.4899,0.3179,1.8077,1.5606,0.2471,0.0593
3,7,2008,17,15,0,39514.72,2.172,1.5076,0.3165,1.8241,1.5617,0.2623,0.3479
3,7,2008,17,30,0,39514.73,1.942,1.4854,0.3151,1.8005,1.5628,0.2377,0.1415
3,7,2008,17,45,0,39514.74,2.312,1.5163,0.3137,1.83,1.5639,0.2661,0.482
3,7,2008,18,0,0,39514.75,2.279,1.5515,0.3124,1.8638,1.565,0.2988,0.4152
3,7,2008,18,15,0,39514.76,2.218,1.5548,0.311,1.8658,1.5662,0.2997,0.3522
3,7,2008,18,30,0,39514.77,1.966,1.5473,0.3096,1.857,1.5673,0.2897,0.109
3,7,2008,18,45,0,39514.78,2.143,1.5871,0.3083,1.8953,1.5684,0.3269,0.2477
3,7,2008,19,0,0,39514.79,2.404,1.6074,0.3069,1.9143,1.5695,0.3448,0.4897
3,7,2008,19,15,0,39514.80,2.279,1.5775,0.3055,1.883,1.5706,0.3124,0.396
3,7,2008,19,30,0,39514.81,2.145,1.5901,0.3042,1.8943,1.5717,0.3226,0.2507
3,7,2008,19,45,0,39514.82,2.203,1.6187,0.3028,1.9215,1.5728,0.3487,0.2815
3,7,2008,20,0,0,39514.83,1.949,1.5887,0.3014,1.8901,1.5739,0.3162,0.0589
3,7,2008,20,15,0,39514.84,2.33,1.6025,0.3,1.9025,1.575,0.3275,0.4275
3,7,2008,20,30,0,39514.85,2.092,1.6284,0.2987,1.9271,1.5762,0.351,0.1649
3,7,2008,20,45,0,39514.86,2.097,1.6338,0.2973,1.9311,1.5773,0.3539,0.1659
3,7,2008,21,0,0,39514.88,1.898,1.6376,0.2959,1.9336,1.5784,0.3552,-0.0356
3,7,2008,21,15,0,39514.89,1.928,1.6307,0.2946,1.9253,1.5795,0.3458,0.0027
3,7,2008,21,30,0,39514.90,2.282,1.6368,0.2932,1.93,1.5806,0.3494,0.352
3,7,2008,21,45,0,39514.91,2.232,1.6515,0.2918,1.9433,1.5817,0.3616,0.2887
3,7,2008,22,0,0,39514.92,2.104,1.6345,0.2905,1.925,1.5828,0.3422,0.179
3,7,2008,22,15,0,39514.93,2.213,1.6316,0.2891,1.9207,1.5839,0.3367,0.2923
3,7,2008,22,30,0,39514.94,1.965,1.6006,0.2877,1.8883,1.585,0.3032,0.0767
3,7,2008,22,45,0,39514.95,1.974,1.5979,0.2863,1.8842,1.5862,0.2981,0.0898
3,7,2008,23,0,0,39514.96,1.902,1.5544,0.285,1.8394,1.5873,0.2521,0.0626
3,7,2008,23,15,0,39514.97,1.772,1.5338,0.2836,1.8174,1.5884,0.2291,-0.0454
3,7,2008,23,30,0,39514.98,1.816,1.5557,0.2822,1.8379,1.5895,0.2484,-0.0219
3,7,2008,23,45,0,39514.99,2.035,1.5111,0.2809,1.792,1.5906,0.2013,0.243
3,8,2008,0,0,0,39515.00,2.052,1.6663,0.2795,1.9458,1.5917,0.354,0.1063
3,8,2008,0,15,0,39515.01,1.717,1.5716,0.2781,1.8498,1.5928,0.2569,-0.1328
3,8,2008,0,30,0,39515.02,2.003,1.5894,0.2768,1.8661,1.5939,0.2722,0.1369
3,8,2008,0,45,0,39515.03,2.02,1.5534,0.2754,1.8288,1.5951,0.2337,0.1912
3,8,2008,1,0,0,39515.04,1.955,1.5916,0.274,1.8656,1.5962,0.2695,0.0894
3,8,2008,1,15,0,39515.05,1.739,1.5265,0.2727,1.7992,1.5973,0.2019,-0.0602
3,8,2008,1,30,0,39515.06,1.902,1.5596,0.2713,1.8309,1.5984,0.2325,0.0711
3,8,2008,1,45,0,39515.07,1.843,1.5179,0.2699,1.7878,1.5995,0.1883,0.0552
3,8,2008,2,0,0,39515.08,1.869,1.4813,0.2685,1.7498,1.6006,0.1492,0.1192
3,8,2008,2,15,0,39515.09,1.979,1.4864,0.2672,1.7535,1.6017,0.1518,0.2255
3,8,2008,2,30,0,39515.10,1.676,1.434,0.2658,1.6998,1.6028,0.097,-0.0238
3,8,2008,2,45,0,39515.11,1.829,1.444,0.2644,1.7084,1.6039,0.1045,0.1206
3,8,2008,3,0,0,39515.13,1.906,1.4335,0.2631,1.6966,1.6051,0.0915,0.2094
3,8,2008,3,15,0,39515.14,1.756,1.3756,0.2617,1.6373,1.6062,0.0312,0.1187
3,8,2008,3,30,0,39515.15,1.656,1.4099,0.2603,1.6702,1.6073,0.0629,-0.0142
3,8,2008,3,45,0,39515.16,1.986,1.4536,0.259,1.7126,1.6084,0.1042,0.2734
3,8,2008,4,0,0,39515.17,1.654,1.3773,0.2576,1.6348,1.6095,0.0253,0.0192
3,8,2008,4,15,0,39515.18,1.797,1.4094,0.2562,1.6656,1.6106,0.055,0.1314
3,8,2008,4,30,0,39515.19,1.877,1.432,0.2548,1.6868,1.6117,0.0751,0.1902
3,8,2008,4,45,0,39515.20,1.953,1.4174,0.2535,1.6708,1.6128,0.058,0.2822
3,8,2008,5,0,0,39515.21,1.634,1.3984,0.2521,1.6505,1.6139,0.0365,-0.0165
3,8,2008,5,15,0,39515.22,1.828,1.4252,0.2507,1.676,1.6151,0.0609,0.152
3,8,2008,5,30,0,39515.23,1.74,1.401,0.2494,1.6504,1.6162,0.0342,0.0896
3,8,2008,5,45,0,39515.24,1.681,1.399,0.248,1.647,1.6173,0.0297,0.034
3,8,2008,6,0,0,39515.25,1.673,1.3943,0.2466,1.6409,1.6184,0.0225,0.0321
3,8,2008,6,15,0,39515.26,1.691,1.3743,0.2453,1.6195,1.6195,0,0.0715
3,8,2008,6,30,0,39515.27,1.831,1.4631,0.2439,1.707,1.6181,0.0889,0.124
3,8,2008,6,45,0,39515.28,1.796,1.4495,0.2425,1.692,1.6168,0.0753,0.104
3,8,2008,7,0,0,39515.29,1.79,1.4949,0.2411,1.736,1.6154,0.1206,0.054
3,8,2008,7,15,0,39515.30,1.718,1.538,0.2398,1.7778,1.614,0.1638,-0.0598
3,8,2008,7,30,0,39515.31,1.937,1.5748,0.2384,1.8132,1.6127,0.2005,0.1238
3,8,2008,7,45,0,39515.32,2.199,1.6761,0.237,1.9132,1.6113,0.3019,0.2858
3,8,2008,8,0,0,39515.33,2.053,1.6713,0.2357,1.9069,1.6099,0.297,0.1461
3,8,2008,8,15,0,39515.34,1.931,1.6975,0.2343,1.9318,1.6085,0.3233,-0.0008
3,8,2008,8,30,0,39515.35,1.941,1.7466,0.2329,1.9796,1.6072,0.3724,-0.0386
3,8,2008,8,45,0,39515.36,1.935,1.7668,0.2316,1.9983,1.6058,0.3925,-0.0633
3,8,2008,9,0,0,39515.38,2.344,1.8109,0.2302,2.0411,1.6044,0.4366,0.3029
3,8,2008,9,15,0,39515.39,2,1.8238,0.2288,2.0526,1.6031,0.4495,-0.0526
3,8,2008,9,30,0,39515.40,2.126,1.92,0.2274,2.1474,1.6017,0.5457,-0.0214
3,8,2008,9,45,0,39515.41,2.351,1.9181,0.2261,2.1442,1.6003,0.5439,0.2068
3,8,2008,10,0,0,39515.42,2.458,1.941,0.2247,2.1657,1.599,0.5667,0.2923
3,8,2008,10,15,0,39515.43,2.205,1.9709,0.2233,2.1942,1.5976,0.5966,0.0108
3,8,2008,10,30,0,39515.44,2.34,1.9781,0.222,2.2001,1.5962,0.6039,0.1399
3,8,2008,10,45,0,39515.45,2.237,1.9516,0.2206,2.1722,1.5948,0.5774,0.0648
3,8,2008,11,0,0,39515.46,2.328,1.9643,0.2192,2.1835,1.5935,0.59,0.1445
3,8,2008,11,15,0,39515.47,2.371,1.9235,0.2179,2.1414,1.5921,0.5493,0.2296
3,8,2008,11,30,0,39515.48,2.498,1.9049,0.2165,2.1214,1.5907,0.5306,0.3766
3,8,2008,11,45,0,39515.49,2.613,1.9506,0.2151,2.1657,1.5894,0.5764,0.4473
3,8,2008,12,0,0,39515.50,2.219,1.8779,0.2137,2.0916,1.588,0.5036,0.1274
3,8,2008,12,15,0,39515.51,2.419,1.8886,0.2124,2.101,1.5866,0.5144,0.318
3,8,2008,12,30,0,39515.52,2.477,1.8761,0.211,2.0871,1.5853,0.5019,0.3899
3,8,2008,12,45,0,39515.53,2.401,1.9013,0.2096,2.1109,1.5839,0.527,0.2901
3,8,2008,13,0,0,39515.54,2.442,1.8889,0.2083,2.0971,1.5825,0.5146,0.3449
3,8,2008,13,15,0,39515.55,2.358,1.9516,0.2069,2.1585,1.5812,0.5774,0.1995
3,8,2008,13,30,0,39515.56,2.45,1.8684,0.2055,2.0739,1.5798,0.4941,0.3761
3,8,2008,13,45,0,39515.57,2.181,1.8825,0.2042,2.0867,1.5784,0.5083,0.0943
3,8,2008,14,0,0,39515.58,2.342,1.8456,0.2028,2.0484,1.577,0.4714,0.2936
3,8,2008,14,15,0,39515.59,2.226,1.8364,0.2014,2.0378,1.5757,0.4621,0.1882
3,8,2008,14,30,0,39515.60,2.493,1.794,0.2001,1.9941,1.5743,0.4198,0.4989
3,8,2008,14,45,0,39515.61,2.265,1.8279,0.1987,2.0266,1.5729,0.4536,0.2384
3,8,2008,15,0,0,39515.63,2.447,1.8628,0.1973,2.0601,1.5716,0.4885,0.3869
3,8,2008,15,15,0,39515.64,2.39,1.834,0.1959,2.0299,1.5702,0.4598,0.3601
3,8,2008,15,30,0,39515.65,2.245,1.841,0.1946,2.0356,1.5688,0.4668,0.2094
3,8,2008,15,45,0,39515.66,2.508,1.8013,0.1932,1.9945,1.5675,0.427,0.5135
3,8,2008,16,0,0,39515.67,2.428,1.85,0.1918,2.0418,1.5661,0.4758,0.3862
3,8,2008,16,15,0,39515.68,2.567,1.8565,0.1905,2.047,1.5647,0.4822,0.52
3,8,2008,16,30,0,39515.69,2.236,1.7879,0.1891,1.977,1.5633,0.4136,0.259
3,8,2008,16,45,0,39515.70,2.44,1.782,0.1877,1.9697,1.562,0.4077,0.4703
3,8,2008,17,0,0,39515.71,2.412,1.7747,0.1864,1.9611,1.5606,0.4005,0.4509
3,8,2008,17,15,0,39515.72,2.264,1.7739,0.185,1.9589,1.5592,0.3996,0.3051
3,8,2008,17,30,0,39515.73,2.422,1.7448,0.1836,1.9284,1.5579,0.3705,0.4936
3,8,2008,17,45,0,39515.74,2.553,1.7799,0.1822,1.9621,1.5565,0.4056,0.5909
3,8,2008,18,0,0,39515.75,2.37,1.7743,0.1809,1.9551,1.5551,0.4,0.4149
3,8,2008,18,15,0,39515.76,2.217,1.7985,0.1795,1.978,1.5538,0.4242,0.239
3,8,2008,18,30,0,39515.77,2.334,1.7869,0.1781,1.965,1.5524,0.4126,0.369
3,8,2008,18,45,0,39515.78,2.509,1.8139,0.1768,1.9906,1.551,0.4396,0.5184
3,8,2008,19,0,0,39515.79,2.454,1.7698,0.1754,1.9451,1.5496,0.3955,0.5089
3,8,2008,19,15,0,39515.80,2.229,1.7441,0.174,1.9182,1.5483,0.3699,0.3108
3,8,2008,19,30,0,39515.81,2.297,1.7806,0.1727,1.9533,1.5469,0.4064,0.3437
3,8,2008,19,45,0,39515.82,2.104,1.7914,0.1713,1.9627,1.5455,0.4171,0.1413
3,8,2008,20,0,0,39515.83,2.74,1.8376,0.1699,2.0075,1.5442,0.4634,0.7325
3,8,2008,20,15,0,39515.84,2.084,1.7184,0.1685,1.8869,1.5428,0.3441,0.1971
3,8,2008,20,30,0,39515.85,2.357,1.7883,0.1672,1.9554,1.5414,0.414,0.4016
3,8,2008,20,45,0,39515.86,2.374,1.8026,0.1658,1.9684,1.5401,0.4284,0.4056
3,8,2008,21,0,0,39515.88,2.116,1.7361,0.1644,1.9006,1.5387,0.3619,0.2154
3,8,2008,21,15,0,39515.89,2.218,1.7533,0.1631,1.9163,1.5373,0.379,0.3017
3,8,2008,21,30,0,39515.90,2.24,1.7821,0.1617,1.9438,1.5359,0.4079,0.2962
3,8,2008,21,45,0,39515.91,2.399,1.7463,0.1603,1.9066,1.5346,0.372,0.4924
3,8,2008,22,0,0,39515.92,2.417,1.8074,0.159,1.9663,1.5332,0.4331,0.4507
3,8,2008,22,15,0,39515.93,2.091,1.7429,0.1576,1.9005,1.5318,0.3686,0.1905
3,8,2008,22,30,0,39515.94,2.266,1.7255,0.1562,1.8817,1.5305,0.3513,0.3843
3,8,2008,22,45,0,39515.95,2.399,1.7291,0.1548,1.884,1.5291,0.3549,0.515
3,8,2008,23,0,0,39515.96,2.183,1.6686,0.1535,1.8221,1.5277,0.2944,0.3609
3,8,2008,23,15,0,39515.97,2.056,1.5823,0.1521,1.7344,1.5264,0.208,0.3216
3,8,2008,23,30,0,39515.98,2.07,1.5536,0.1507,1.7044,1.525,0.1794,0.3656
